[{"model": "contenttypes.contenttype", "pk": 1, "fields": {"app_label": "admin", "model": "logentry"}}, {"model": "contenttypes.contenttype", "pk": 2, "fields": {"app_label": "auth", "model": "permission"}}, {"model": "contenttypes.contenttype", "pk": 3, "fields": {"app_label": "auth", "model": "group"}}, {"model": "contenttypes.contenttype", "pk": 4, "fields": {"app_label": "contenttypes", "model": "contenttype"}}, {"model": "contenttypes.contenttype", "pk": 5, "fields": {"app_label": "sessions", "model": "session"}}, {"model": "contenttypes.contenttype", "pk": 6, "fields": {"app_label": "api", "model": "customuser"}}, {"model": "contenttypes.contenttype", "pk": 7, "fields": {"app_label": "api", "model": "category"}}, {"model": "contenttypes.contenttype", "pk": 8, "fields": {"app_label": "api", "model": "emailandcode"}}, {"model": "contenttypes.contenttype", "pk": 9, "fields": {"app_label": "api", "model": "genre"}}, {"model": "contenttypes.contenttype", "pk": 10, "fields": {"app_label": "api", "model": "title"}}, {"model": "contenttypes.contenttype", "pk": 11, "fields": {"app_label": "api", "model": "review"}}, {"model": "contenttypes.contenttype", "pk": 12, "fields": {"app_label": "api", "model": "comment"}}, {"model": "contenttypes.contenttype", "pk": 13, "fields": {"app_label": "authtoken", "model": "token"}}, {"model": "sessions.session", "pk": "r42ot1461zybrxi57siwweegkvt4envi", "fields": {"session_data": "YTc2ZTEyZjZmZWIwZmYyMjlmMjdhNjdlYzY5MDAxMGFjZDg1YWFmMTp7Il9hdXRoX3VzZXJfaWQiOiIxIiwiX2F1dGhfdXNlcl9iYWNrZW5kIjoiZGphbmdvLmNvbnRyaWIuYXV0aC5iYWNrZW5kcy5Nb2RlbEJhY2tlbmQiLCJfYXV0aF91c2VyX2hhc2giOiI4ZTg3OTM0NDM0MzBlYmU5NmE5NmMwOGQzZWJjYTJhN2QxY2NkMjZhIn0=", "expire_date": "2021-05-19T21:58:35.958Z"}}, {"model": "api.category", "pk": 1, "fields": {"name": "\u0424\u0438\u043b\u044c\u043c", "slug": "movie"}}, {"model": "api.category", "pk": 2, "fields": {"name": "\u041a\u043d\u0438\u0433\u0430", "slug": "book"}}, {"model": "api.category", "pk": 3, "fields": {"name": "\u041c\u0443\u0437\u044b\u043a\u0430", "slug": "music"}}, {"model": "api.genre", "pk": 1, "fields": {"name": "\u0414\u0440\u0430\u043c\u0430", "slug": "drama"}}, {"model": "api.genre", "pk": 2, "fields": {"name": "\u041a\u043e\u043c\u0435\u0434\u0438\u044f", "slug": "comedy"}}, {"model": "api.genre", "pk": 3, "fields": {"name": "\u0412\u0435\u0441\u0442\u0435\u0440\u043d", "slug": "western"}}, {"model": "api.genre", "pk": 4, "fields": {"name": "\u0424\u044d\u043d\u0442\u0435\u0437\u0438", "slug": "fantasy"}}, {"model": "api.genre", "pk": 5, "fields": {"name": "\u0424\u0430\u043d\u0442\u0430\u0441\u0442\u0438\u043a\u0430", "slug": "sci-fi"}}, {"model": "api.genre", "pk": 6, "fields": {"name": "\u0414\u0435\u0442\u0435\u043a\u0442\u0438\u0432", "slug": "detective"}}, {"model": "api.genre", "pk": 7, "fields": {"name": "\u0422\u0440\u0438\u043b\u043b\u0435\u0440", "slug": "thriller"}}, {"model": "api.genre", "pk": 8, "fields": {"name": "\u0421\u043a\u0430\u0437\u043a\u0430", "slug": "tale"}}, {"model": "api.genre", "pk": 9, "fields": {"name": "\u0413\u043e\u043d\u0437\u043e", "slug": "gonzo"}}, {"model": "api.genre", "pk": 10, "fields": {"name": "\u0420\u043e\u043c\u0430\u043d", "slug": "roman"}}, {"model": "api.genre", "pk": 11, "fields": {"name": "\u0411\u0430\u043b\u043b\u0430\u0434\u0430", "slug": "ballad"}}, {"model": "api.genre", "pk": 12, "fields": {"name": "Rock-n-roll", "slug": "rock-n-roll"}}, {"model": "api.genre", "pk": 13, "fields": {"name": "\u041a\u043b\u0430\u0441\u0441\u0438\u043a\u0430", "slug": "classical"}}, {"model": "api.genre", "pk": 14, "fields": {"name": "\u0420\u043e\u043a", "slug": "rock"}}, {"model": "api.genre", "pk": 15, "fields": {"name": "\u0428\u0430\u043d\u0441\u043e\u043d", "slug": "chanson"}}, {"model": "api.title", "pk": 1, "fields": {"name": "\u041f\u043e\u0431\u0435\u0433 \u0438\u0437 \u0428\u043e\u0443\u0448\u0435\u043d\u043a\u0430", "year": 1994, "description": "", "category": 1, "genre": [1]}}, {"model": "api.title", "pk": 2, "fields": {"name": "\u041a\u0440\u0435\u0441\u0442\u043d\u044b\u0439 \u043e\u0442\u0435\u0446", "year": 1972, "description": "", "category": 1, "genre": [1]}}, {"model": "api.title", "pk": 3, "fields": {"name": "12 \u0440\u0430\u0437\u0433\u043d\u0435\u0432\u0430\u043d\u043d\u044b\u0445 \u043c\u0443\u0436\u0447\u0438\u043d", "year": 1957, "description": "", "category": 1, "genre": [1]}}, {"model": "api.title", "pk": 4, "fields": {"name": "\u0421\u043f\u0438\u0441\u043e\u043a \u0428\u0438\u043d\u0434\u043b\u0435\u0440\u0430", "year": 1993, "description": "", "category": 1, "genre": [1]}}, {"model": "api.title", "pk": 5, "fields": {"name": "\u041a\u0440\u0438\u043c\u0438\u043d\u0430\u043b\u044c\u043d\u043e\u0435 \u0447\u0442\u0438\u0432\u043e", "year": 1994, "description": "", "category": 1, "genre": [7, 6, 2]}}, {"model": "api.title", "pk": 6, "fields": {"name": "\"\u0425\u043e\u0440\u043e\u0448\u0438\u0439, \u043f\u043b\u043e\u0445\u043e\u0439, \u0437\u043b\u043e\u0439\"", "year": 1966, "description": "", "category": 1, "genre": [3]}}, {"model": "api.title", "pk": 7, "fields": {"name": "\u0412\u043b\u0430\u0441\u0442\u0435\u043b\u0438\u043d \u043a\u043e\u043b\u0435\u0446: \u0411\u0440\u0430\u0442\u0441\u0442\u0432\u043e \u043a\u043e\u043b\u044c\u0446\u0430", "year": 2001, "description": "", "category": 1, "genre": [4]}}, {"model": "api.title", "pk": 8, "fields": {"name": "\u0411\u043e\u0439\u0446\u043e\u0432\u0441\u043a\u0438\u0439 \u043a\u043b\u0443\u0431", "year": 1999, "description": "", "category": 1, "genre": [7]}}, {"model": "api.title", "pk": 9, "fields": {"name": "\u041c\u0430\u0442\u0440\u0438\u0446\u0430", "year": 1999, "description": "", "category": 1, "genre": [8, 6, 5, 1]}}, {"model": "api.title", "pk": 10, "fields": {"name": "\u0412\u043e\u0439\u043d\u0430 \u0438 \u043c\u0438\u0440", "year": 1865, "description": "", "category": 2, "genre": [10]}}, {"model": "api.title", "pk": 11, "fields": {"name": "Generation \u041f", "year": 1999, "description": "", "category": 2, "genre": [10]}}, {"model": "api.title", "pk": 12, "fields": {"name": "Led Zeppelin \u2014 Stairway to Heaven", "year": 1971, "description": "", "category": 3, "genre": [14]}}, {"model": "api.title", "pk": 13, "fields": {"name": "Deep Purple \u2014 Smoke on the Water", "year": 1971, "description": "", "category": 3, "genre": [14]}}, {"model": "api.title", "pk": 14, "fields": {"name": "\u0421\u0442\u0430\u0441 \u041c\u0438\u0445\u0430\u0439\u043b\u043e\u0432 - \u041f\u043e\u0437\u044b\u0432\u043d\u044b\u0435 \u043d\u0430 \u043b\u044e\u0431\u043e\u0432\u044c", "year": 2004, "description": "", "category": 3, "genre": [15]}}, {"model": "api.title", "pk": 15, "fields": {"name": "\u041a\u043e\u043b\u043e\u0431\u043e\u043a", "year": 1873, "description": "", "category": 2, "genre": [8]}}, {"model": "auth.permission", "pk": 1, "fields": {"name": "Can add log entry", "content_type": 1, "codename": "add_logentry"}}, {"model": "auth.permission", "pk": 2, "fields": {"name": "Can change log entry", "content_type": 1, "codename": "change_logentry"}}, {"model": "auth.permission", "pk": 3, "fields": {"name": "Can delete log entry", "content_type": 1, "codename": "delete_logentry"}}, {"model": "auth.permission", "pk": 4, "fields": {"name": "Can view log entry", "content_type": 1, "codename": "view_logentry"}}, {"model": "auth.permission", "pk": 5, "fields": {"name": "Can add permission", "content_type": 2, "codename": "add_permission"}}, {"model": "auth.permission", "pk": 6, "fields": {"name": "Can change permission", "content_type": 2, "codename": "change_permission"}}, {"model": "auth.permission", "pk": 7, "fields": {"name": "Can delete permission", "content_type": 2, "codename": "delete_permission"}}, {"model": "auth.permission", "pk": 8, "fields": {"name": "Can view permission", "content_type": 2, "codename": "view_permission"}}, {"model": "auth.permission", "pk": 9, "fields": {"name": "Can add group", "content_type": 3, "codename": "add_group"}}, {"model": "auth.permission", "pk": 10, "fields": {"name": "Can change group", "content_type": 3, "codename": "change_group"}}, {"model": "auth.permission", "pk": 11, "fields": {"name": "Can delete group", "content_type": 3, "codename": "delete_group"}}, {"model": "auth.permission", "pk": 12, "fields": {"name": "Can view group", "content_type": 3, "codename": "view_group"}}, {"model": "auth.permission", "pk": 13, "fields": {"name": "Can add content type", "content_type": 4, "codename": "add_contenttype"}}, {"model": "auth.permission", "pk": 14, "fields": {"name": "Can change content type", "content_type": 4, "codename": "change_contenttype"}}, {"model": "auth.permission", "pk": 15, "fields": {"name": "Can delete content type", "content_type": 4, "codename": "delete_contenttype"}}, {"model": "auth.permission", "pk": 16, "fields": {"name": "Can view content type", "content_type": 4, "codename": "view_contenttype"}}, {"model": "auth.permission", "pk": 17, "fields": {"name": "Can add session", "content_type": 5, "codename": "add_session"}}, {"model": "auth.permission", "pk": 18, "fields": {"name": "Can change session", "content_type": 5, "codename": "change_session"}}, {"model": "auth.permission", "pk": 19, "fields": {"name": "Can delete session", "content_type": 5, "codename": "delete_session"}}, {"model": "auth.permission", "pk": 20, "fields": {"name": "Can view session", "content_type": 5, "codename": "view_session"}}, {"model": "auth.permission", "pk": 21, "fields": {"name": "Can add user", "content_type": 6, "codename": "add_customuser"}}, {"model": "auth.permission", "pk": 22, "fields": {"name": "Can change user", "content_type": 6, "codename": "change_customuser"}}, {"model": "auth.permission", "pk": 23, "fields": {"name": "Can delete user", "content_type": 6, "codename": "delete_customuser"}}, {"model": "auth.permission", "pk": 24, "fields": {"name": "Can view user", "content_type": 6, "codename": "view_customuser"}}, {"model": "auth.permission", "pk": 25, "fields": {"name": "Can add \u041a\u0430\u0442\u0435\u0433\u043e\u0440\u0438\u044f", "content_type": 7, "codename": "add_category"}}, {"model": "auth.permission", "pk": 26, "fields": {"name": "Can change \u041a\u0430\u0442\u0435\u0433\u043e\u0440\u0438\u044f", "content_type": 7, "codename": "change_category"}}, {"model": "auth.permission", "pk": 27, "fields": {"name": "Can delete \u041a\u0430\u0442\u0435\u0433\u043e\u0440\u0438\u044f", "content_type": 7, "codename": "delete_category"}}, {"model": "auth.permission", "pk": 28, "fields": {"name": "Can view \u041a\u0430\u0442\u0435\u0433\u043e\u0440\u0438\u044f", "content_type": 7, "codename": "view_category"}}, {"model": "auth.permission", "pk": 29, "fields": {"name": "Can add email_and_code", "content_type": 8, "codename": "add_emailandcode"}}, {"model": "auth.permission", "pk": 30, "fields": {"name": "Can change email_and_code", "content_type": 8, "codename": "change_emailandcode"}}, {"model": "auth.permission", "pk": 31, "fields": {"name": "Can delete email_and_code", "content_type": 8, "codename": "delete_emailandcode"}}, {"model": "auth.permission", "pk": 32, "fields": {"name": "Can view email_and_code", "content_type": 8, "codename": "view_emailandcode"}}, {"model": "auth.permission", "pk": 33, "fields": {"name": "Can add \u0416\u0430\u043d\u0440", "content_type": 9, "codename": "add_genre"}}, {"model": "auth.permission", "pk": 34, "fields": {"name": "Can change \u0416\u0430\u043d\u0440", "content_type": 9, "codename": "change_genre"}}, {"model": "auth.permission", "pk": 35, "fields": {"name": "Can delete \u0416\u0430\u043d\u0440", "content_type": 9, "codename": "delete_genre"}}, {"model": "auth.permission", "pk": 36, "fields": {"name": "Can view \u0416\u0430\u043d\u0440", "content_type": 9, "codename": "view_genre"}}, {"model": "auth.permission", "pk": 37, "fields": {"name": "Can add \u041f\u0440\u043e\u0438\u0437\u0432\u0435\u0434\u0435\u043d\u0438\u0435", "content_type": 10, "codename": "add_title"}}, {"model": "auth.permission", "pk": 38, "fields": {"name": "Can change \u041f\u0440\u043e\u0438\u0437\u0432\u0435\u0434\u0435\u043d\u0438\u0435", "content_type": 10, "codename": "change_title"}}, {"model": "auth.permission", "pk": 39, "fields": {"name": "Can delete \u041f\u0440\u043e\u0438\u0437\u0432\u0435\u0434\u0435\u043d\u0438\u0435", "content_type": 10, "codename": "delete_title"}}, {"model": "auth.permission", "pk": 40, "fields": {"name": "Can view \u041f\u0440\u043e\u0438\u0437\u0432\u0435\u0434\u0435\u043d\u0438\u0435", "content_type": 10, "codename": "view_title"}}, {"model": "auth.permission", "pk": 41, "fields": {"name": "Can add review", "content_type": 11, "codename": "add_review"}}, {"model": "auth.permission", "pk": 42, "fields": {"name": "Can change review", "content_type": 11, "codename": "change_review"}}, {"model": "auth.permission", "pk": 43, "fields": {"name": "Can delete review", "content_type": 11, "codename": "delete_review"}}, {"model": "auth.permission", "pk": 44, "fields": {"name": "Can view review", "content_type": 11, "codename": "view_review"}}, {"model": "auth.permission", "pk": 45, "fields": {"name": "Can add comment", "content_type": 12, "codename": "add_comment"}}, {"model": "auth.permission", "pk": 46, "fields": {"name": "Can change comment", "content_type": 12, "codename": "change_comment"}}, {"model": "auth.permission", "pk": 47, "fields": {"name": "Can delete comment", "content_type": 12, "codename": "delete_comment"}}, {"model": "auth.permission", "pk": 48, "fields": {"name": "Can view comment", "content_type": 12, "codename": "view_comment"}}, {"model": "auth.permission", "pk": 49, "fields": {"name": "Can add Token", "content_type": 13, "codename": "add_token"}}, {"model": "auth.permission", "pk": 50, "fields": {"name": "Can change Token", "content_type": 13, "codename": "change_token"}}, {"model": "auth.permission", "pk": 51, "fields": {"name": "Can delete Token", "content_type": 13, "codename": "delete_token"}}, {"model": "auth.permission", "pk": 52, "fields": {"name": "Can view Token", "content_type": 13, "codename": "view_token"}}, {"model": "api.customuser", "pk": 1, "fields": {"password": "pbkdf2_sha256$180000$ljWoTHT0BCds$P/urdE2D5NJv5xKJUQ43EjSWxfCxar4vO4mf1KLCoRc=", "last_login": "2021-05-05T15:17:56.044Z", "is_superuser": true, "username": "khelskelly", "first_name": "", "last_name": "", "is_staff": true, "is_active": true, "date_joined": "2021-05-05T15:17:48.282Z", "email": "denismahnuk@gmail.com", "bio": null, "role": "admin", "groups": [], "user_permissions": []}}, {"model": "api.customuser", "pk": 2, "fields": {"password": "", "last_login": null, "is_superuser": false, "username": "bingobongo", "first_name": "", "last_name": "", "is_staff": false, "is_active": true, "date_joined": "2021-05-05T21:40:17.336Z", "email": "bingobongo@yamdb.fake", "bio": "bingobongo", "role": "user", "groups": [], "user_permissions": []}}, {"model": "api.customuser", "pk": 3, "fields": {"password": "", "last_login": null, "is_superuser": false, "username": "capt_obvious", "first_name": "", "last_name": "", "is_staff": true, "is_active": true, "date_joined": "2021-05-05T21:40:38.638Z", "email": "capt_obvious@yamdb.fake", "bio": "capt_obvious", "role": "admin", "groups": [], "user_permissions": []}}, {"model": "api.customuser", "pk": 4, "fields": {"password": "", "last_login": null, "is_superuser": false, "username": "faust", "first_name": "", "last_name": "", "is_staff": false, "is_active": true, "date_joined": "2021-05-05T21:40:57.563Z", "email": "faust@yamdb.fake", "bio": "faust", "role": "user", "groups": [], "user_permissions": []}}, {"model": "api.customuser", "pk": 5, "fields": {"password": "", "last_login": null, "is_superuser": false, "username": "reviewer", "first_name": "", "last_name": "", "is_staff": false, "is_active": true, "date_joined": "2021-05-05T21:41:10.552Z", "email": "reviewer@yamdb.fake", "bio": "reviewer", "role": "user", "groups": [], "user_permissions": []}}, {"model": "api.customuser", "pk": 6, "fields": {"password": "", "last_login": null, "is_superuser": false, "username": "angry", "first_name": "", "last_name": "", "is_staff": true, "is_active": true, "date_joined": "2021-05-05T21:42:04.963Z", "email": "angry@yamdb.fake", "bio": "angry", "role": "moderator", "groups": [], "user_permissions": []}}, {"model": "api.review", "pk": 1, "fields": {"text": "\u0421\u0442\u0430\u0432\u043b\u044e \u0434\u0435\u0441\u044f\u0442\u044c \u0437\u0432\u0451\u0437\u0434!\r\n...\u042d\u0442\u0438 \u0433\u043e\u043b\u043e\u0441\u0430 \u0431\u044b\u043b\u0438 \u0447\u0438\u0449\u0435 \u0438 \u0441\u0432\u0435\u0442\u043b\u0435\u0435 \u0442\u0435\u0445, \u043e \u043a\u043e\u0442\u043e\u0440\u044b\u0445 \u043c\u0435\u0447\u0442\u0430\u043b\u0438 \u0432 \u044d\u0442\u043e\u043c \u0441\u0435\u0440\u043e\u043c, \u0443\u0431\u043e\u0433\u043e\u043c \u043c\u0435\u0441\u0442\u0435. \u041a\u0430\u043a \u0431\u0443\u0434\u0442\u043e \u0434\u0432\u0435 \u043f\u0442\u0438\u0447\u043a\u0438 \u0432\u043b\u0435\u0442\u0435\u043b\u0438 \u0438 \u0441\u0432\u043e\u0438\u043c\u0438 \u0433\u043e\u043b\u043e\u0441\u0430\u043c\u0438 \u0440\u0430\u0437\u0432\u0435\u044f\u043b\u0438 \u0441\u0442\u0435\u043d\u044b \u043d\u0430\u0448\u0438\u0445 \u043a\u043b\u0435\u0442\u043e\u043a, \u0438 \u043d\u0430 \u043a\u043e\u0440\u043e\u0442\u043a\u0438\u0439 \u043c\u0438\u0433 \u043a\u0430\u0436\u0434\u044b\u0439 \u0447\u0435\u043b\u043e\u0432\u0435\u043a \u0432 \u0428\u043e\u0443\u0448\u0435\u043d\u043a\u0435 \u043f\u043e\u0447\u0443\u0432\u0441\u0442\u0432\u043e\u0432\u0430\u043b \u0441\u0435\u0431\u044f \u0441\u0432\u043e\u0431\u043e\u0434\u043d\u044b\u043c.", "title": 1, "author": 2, "score": 10, "pub_date": "2021-05-05T21:56:14.986Z"}}, {"model": "api.review", "pk": 2, "fields": {"text": "\u041d\u0438\u0447\u0435\u0433\u043e \u043d\u0435 \u043f\u043e\u043d\u044f\u0442\u043d\u043e. \u041e\u043d\u0438 \u0442\u0430\u043c \u0447\u0442\u043e, \u0441\u0442\u0440\u0430\u043d\u0438\u0446\u044b \u0441\u0446\u0435\u043d\u0430\u0440\u0438\u044f \u043f\u0435\u0440\u0435\u043f\u0443\u0442\u0430\u043b\u0438? \u0415\u0433\u043e \u0441\u043f\u0435\u0440\u0432\u0430 \u0443\u0431\u0438\u043b\u0438, \u0430 \u043f\u043e\u0442\u043e\u043c \u043e\u043d \u043e\u043f\u044f\u0442\u044c \u0436\u0438\u0432, \u0430 \u043e\u043d\u0438 \u0441\u043f\u0435\u0440\u0432\u0430 \u0432 \u0444\u0443\u0442\u0431\u043e\u043b\u043a\u0430\u0445, \u043f\u043e\u0442\u043e\u043c \u0432 \u043a\u043e\u0441\u0442\u044e\u043c\u0430\u0445, \u0430 \u043f\u043e\u0442\u043e\u043c \u043e\u043f\u044f\u0442\u044c \u0432 \u0444\u0443\u0442\u0431\u043e\u043b\u043a\u0430\u0445. \u0415\u0440\u0443\u043d\u0434\u0430 \u043f\u043e\u043b\u043d\u0430\u044f", "title": 5, "author": 3, "score": 1, "pub_date": "2021-05-05T21:56:56.889Z"}}, {"model": "api.review", "pk": 3, "fields": {"text": "\u0412\u0441\u0451, \u043a\u0430\u043a \u0432 \u0440\u0430\u0437\u043d\u044b\u0445 \u044f\u0437\u044b\u043a\u0430\u0445 \u043f\u0440\u043e\u0433\u0440\u0430\u043c\u043c\u0438\u0440\u043e\u0432\u0430\u043d\u0438\u044f! \u0412 \u043e\u0441\u043d\u043e\u0432\u043d\u043e\u043c \u2014 \u043f\u043e\u0445\u043e\u0436\u0435, \u043d\u043e \u0432\u043e\u0442 \u044d\u0442\u0438 \u043c\u0430\u043b\u0435\u043d\u044c\u043a\u0438\u0435 \u0440\u0430\u0437\u043b\u0438\u0447\u0438\u044f \u0432\u044b\u0432\u043e\u0434\u044f\u0442 \u0438\u0437 \u0441\u0435\u0431\u044f. \r\n\u0412\u0435\u043b\u0438\u043a\u0438\u0439 \u0444\u0438\u043b\u044c\u043c \u043d\u0430 \u0432\u0441\u0435 \u0441\u043b\u0443\u0447\u0430\u0438 \u0436\u0438\u0437\u043d\u0438!\r\n=====================================================\r\n\u2014 \u0410 \u0437\u043d\u0430\u0435\u0448\u044c, \u043a\u0430\u043a \u0432 \u041f\u0430\u0440\u0438\u0436\u0435 \u043d\u0430\u0437\u044b\u0432\u0430\u044e\u0442 \u0447\u0435\u0442\u0432\u0435\u0440\u0442\u044c\u0444\u0443\u043d\u0442\u043e\u0432\u044b\u0439 \u0447\u0438\u0437\u0431\u0443\u0440\u0433\u0435\u0440?\r\n\u2014 \u0427\u0442\u043e, \u043e\u043d\u0438 \u043d\u0435 \u0437\u043e\u0432\u0443\u0442 \u0435\u0433\u043e \u0447\u0435\u0442\u0432\u0435\u0440\u0442\u044c\u0444\u0443\u043d\u0442\u043e\u0432\u044b\u0439 \u0447\u0438\u0437\u0431\u0443\u0440\u0433\u0435\u0440?\r\n\u2014 \u0423 \u043d\u0438\u0445 \u0442\u0430\u043c \u043c\u0435\u0442\u0440\u0438\u0447\u0435\u0441\u043a\u0430\u044f \u0441\u0438\u0441\u0442\u0435\u043c\u0430. \u041e\u043d\u0438 \u0432\u043e\u043e\u0431\u0449\u0435 \u0442\u0430\u043c \u043d\u0435 \u043f\u043e\u043d\u0438\u043c\u0430\u044e\u0442, \u0447\u0442\u043e \u0437\u0430 \u0445\u0440\u0435\u043d \u0447\u0435\u0442\u0432\u0435\u0440\u0442\u044c \u0444\u0443\u043d\u0442\u0430.\r\n\u2014 \u0418 \u043a\u0430\u043a \u043e\u043d\u0438 \u0435\u0433\u043e \u0437\u043e\u0432\u0443\u0442?\r\n\u2014 \u041e\u043d\u0438 \u0437\u043e\u0432\u0443\u0442 \u0435\u0433\u043e \u00ab\u0420\u043e\u044f\u043b \u0447\u0438\u0437\u0431\u0443\u0440\u0433\u0435\u0440\u00bb.\r\n\u2014 \u00ab\u0420\u043e\u044f\u043b \u0447\u0438\u0437\u0431\u0443\u0440\u0433\u0435\u0440\u00bb? \u0410 \u043a\u0430\u043a \u0436\u0435 \u0442\u043e\u0433\u0434\u0430 \u043e\u043d\u0438 \u0437\u043e\u0432\u0443\u0442 \u00ab\u0411\u0438\u0433 \u041c\u0430\u043a\u00bb?\r\n\u2014 \u00ab\u0411\u0438\u0433 \u041c\u0430\u043a\u00bb \u044d\u0442\u043e \u00ab\u0411\u0438\u0433 \u041c\u0430\u043a\u00bb, \u0442\u043e\u043b\u044c\u043a\u043e \u043e\u043d\u0438 \u043d\u0430\u0437\u044b\u0432\u0430\u044e\u0442 \u0435\u0433\u043e \u00ab\u041b\u0451 \u0411\u0438\u0433 \u041c\u0430\u043a\u00bb.", "title": 5, "author": 4, "score": 8, "pub_date": "2021-05-05T21:58:35.827Z"}}, {"model": "api.review", "pk": 4, "fields": {"text": "\u0410 \u0432\u043e\u0442 \u0443 \u043a\u0438\u043f\u0447\u0430\u043a\u043e\u0432 \u00ab\u043a\u043e\u043b\u043e\u0431\u043e\u043a\u00bb \u2014 \u0448\u0430\u0440\u0438\u043a \u0438\u0437 \u043d\u0430\u0432\u043e\u0437\u0430! \u0418 \u0441\u043a\u0430\u0437\u043a\u0430 \u043f\u0440\u0438\u043e\u0431\u0440\u0435\u0442\u0430\u0435\u0442 \u0441\u043e\u0432\u0441\u0435\u043c \u0434\u0440\u0443\u0433\u043e\u0439 \u0441\u043c\u044b\u0441\u043b! \u00ab\u041d\u0435 \u0445\u0438\u0442\u0440\u0438, \u0430 \u0442\u043e \u043d\u0430\u0432\u043e\u0437\u0430 \u043d\u0430\u043a\u0443\u0448\u0430\u0435\u0448\u044c\u0441\u044f!\u00bb", "title": 15, "author": 4, "score": 10, "pub_date": "2021-05-05T22:03:46.829Z"}}, {"model": "api.comment", "pk": 1, "fields": {"text": "\u041d\u0438\u0447\u0435\u0433\u043e \u043f\u043e\u0434\u043e\u0431\u043d\u043e\u0433\u043e, \u0432 \u0444\u0438\u043b\u044c\u043c\u0435 \u0432\u0441\u0451 \u043d\u0435 \u0442\u0430\u043a, \u0438 \u043f\u0440\u043e\u0433\u0440\u0430\u043c\u043c\u0438\u0440\u043e\u0432\u0430\u043d\u0438\u0435 \u0442\u0443\u0442 \u0432\u043e\u043e\u0431\u0449\u0435 \u043d\u0438 \u043f\u0440\u0438 \u0447\u0451\u043c!", "review": 3, "author": 6, "pub_date": "2021-05-05T21:58:57.453Z"}}, {"model": "api.comment", "pk": 2, "fields": {"text": "\u041d\u0443 \u043d\u0430\u0434\u043e \u0436\u0435, \u043d\u0435 \u043d\u0430\u0448\u043b\u043e\u0441\u044c \u043d\u0438\u0447\u0435\u0433\u043e \u043b\u0443\u0447\u0448\u0435\u0433\u043e, \u043a\u0440\u043e\u043c\u0435 \u043a\u0430\u043a \u043f\u0440\u043e\u043a\u043e\u043c\u043c\u0435\u043d\u0442\u0438\u0440\u043e\u0432\u0430\u0442\u044c \u0440\u0430\u0437\u0433\u043e\u0432\u043e\u0440 \u043f\u0440\u043e \u0433\u0430\u043c\u0431\u0443\u0440\u0433\u0435\u0440\u044b, \u0431\u0443\u0434\u0442\u043e \u0432 \u0444\u0438\u043b\u044c\u043c\u0435 \u043d\u0438\u0447\u0435\u0433\u043e \u0432\u0430\u0436\u043d\u0435\u0435 \u044d\u0442\u043e\u0433\u043e \u043d\u0435\u0442", "review": 3, "author": 3, "pub_date": "2021-05-05T21:59:57.026Z"}}, {"model": "api.comment", "pk": 3, "fields": {"text": "\u041a\u0441\u0442\u0430\u0442\u0438, \u0430 \u0447\u0442\u043e \u0442\u0430\u043a\u043e\u0435 \"\"\u0447\u0435\u0442\u0432\u0435\u0440\u0442\u044c \u0444\u0443\u043d\u0442\u0430\"\"? \u0412 \u0433\u0440\u0430\u043c\u043c\u0430\u0445 \u044d\u0442\u043e \u0441\u043a\u043e\u043b\u044c\u043a\u043e?", "review": 3, "author": 1, "pub_date": "2021-05-05T22:00:39.572Z"}}, {"model": "api.comment", "pk": 4, "fields": {"text": "\u0412\u043e\u0442 \u044d\u0442\u043e \u0434\u0430, \u043d\u0438\u043a\u043e\u0433\u0434\u0430 \u043d\u0435 \u0441\u043b\u044b\u0448\u0430\u043b \u043e\u0431 \u044d\u0442\u043e\u043c! \u0421\u043f\u0430\u0441\u0438\u0431\u043e \u0437\u0430 \u0438\u043d\u0444\u043e\u0440\u043c\u0430\u0446\u0438\u044e", "review": 4, "author": 1, "pub_date": "2021-05-05T22:04:24.793Z"}}, {"model": "api.comment", "pk": 5, "fields": {"text": "\u041f\u043e\u0447\u0435\u043c\u0443 \u043e\u0431\u044f\u0437\u0430\u0442\u0435\u043b\u044c\u043d\u043e  \u043d\u0443\u0436\u043d\u043e \u043b\u044e\u0431\u043e\u0439 \u0440\u0430\u0437\u0433\u043e\u0432\u043e\u0440 \u0441\u0432\u043e\u0434\u0438\u0442\u044c \u043a \u043d\u0430\u0432\u043e\u0437\u0443? \u0425\u043e\u0440\u043e\u0448\u0430\u044f \u0434\u0435\u0442\u0441\u043a\u0430\u044f \u0441\u043a\u0430\u0437\u043a\u0430, \u0432\u0430 \u0432\u044b \u0442\u0443\u0442 \u043f\u0438\u0448\u0435\u0442\u0435 \u043f\u0440\u043e \u043a\u0430\u043a\u0438\u0435-\u0442\u043e \u0441\u0443\u0431\u0441\u0442\u0430\u043d\u0446\u0438\u0438 \u043d\u0435\u043f\u0440\u0438\u044f\u0442\u043d\u044b\u0435. \u0424\u0443 \u0442\u0430\u043a\u0438\u043c \u0431\u044b\u0442\u044c.", "review": 4, "author": 6, "pub_date": "2021-05-05T22:04:48.932Z"}}, {"model": "admin.logentry", "pk": 1, "fields": {"action_time": "2021-05-05T21:29:02.017Z", "user": 1, "content_type": 7, "object_id": "1", "object_repr": "\u0424\u0438\u043b\u044c\u043c", "action_flag": 1, "change_message": "[{\"added\": {}}]"}}, {"model": "admin.logentry", "pk": 2, "fields": {"action_time": "2021-05-05T21:29:11.816Z", "user": 1, "content_type": 7, "object_id": "2", "object_repr": "\u041a\u043d\u0438\u0433\u0430", "action_flag": 1, "change_message": "[{\"added\": {}}]"}}, {"model": "admin.logentry", "pk": 3, "fields": {"action_time": "2021-05-05T21:29:21.412Z", "user": 1, "content_type": 7, "object_id": "3", "object_repr": "\u041c\u0443\u0437\u044b\u043a\u0430", "action_flag": 1, "change_message": "[{\"added\": {}}]"}}, {"model": "admin.logentry", "pk": 4, "fields": {"action_time": "2021-05-05T21:34:09.903Z", "user": 1, "content_type": 9, "object_id": "1", "object_repr": "\u0414\u0440\u0430\u043c\u0430", "action_flag": 1, "change_message": "[{\"added\": {}}]"}}, {"model": "admin.logentry", "pk": 5, "fields": {"action_time": "2021-05-05T21:34:16.744Z", "user": 1, "content_type": 9, "object_id": "2", "object_repr": "\u041a\u043e\u043c\u0435\u0434\u0438\u044f", "action_flag": 1, "change_message": "[{\"added\": {}}]"}}, {"model": "admin.logentry", "pk": 6, "fields": {"action_time": "2021-05-05T21:34:29.592Z", "user": 1, "content_type": 9, "object_id": "3", "object_repr": "\u0412\u0435\u0441\u0442\u0435\u0440\u043d", "action_flag": 1, "change_message": "[{\"added\": {}}]"}}, {"model": "admin.logentry", "pk": 7, "fields": {"action_time": "2021-05-05T21:34:39.581Z", "user": 1, "content_type": 9, "object_id": "4", "object_repr": "\u0424\u044d\u043d\u0442\u0435\u0437\u0438", "action_flag": 1, "change_message": "[{\"added\": {}}]"}}, {"model": "admin.logentry", "pk": 8, "fields": {"action_time": "2021-05-05T21:35:07.550Z", "user": 1, "content_type": 9, "object_id": "5", "object_repr": "\u0424\u0430\u043d\u0442\u0430\u0441\u0442\u0438\u043a\u0430", "action_flag": 1, "change_message": "[{\"added\": {}}]"}}, {"model": "admin.logentry", "pk": 9, "fields": {"action_time": "2021-05-05T21:35:22.260Z", "user": 1, "content_type": 9, "object_id": "6", "object_repr": "\u0414\u0435\u0442\u0435\u043a\u0442\u0438\u0432", "action_flag": 1, "change_message": "[{\"added\": {}}]"}}, {"model": "admin.logentry", "pk": 10, "fields": {"action_time": "2021-05-05T21:35:38.979Z", "user": 1, "content_type": 9, "object_id": "7", "object_repr": "\u0422\u0440\u0438\u043b\u043b\u0435\u0440", "action_flag": 1, "change_message": "[{\"added\": {}}]"}}, {"model": "admin.logentry", "pk": 11, "fields": {"action_time": "2021-05-05T21:35:51.540Z", "user": 1, "content_type": 9, "object_id": "8", "object_repr": "\u0421\u043a\u0430\u0437\u043a\u0430", "action_flag": 1, "change_message": "[{\"added\": {}}]"}}, {"model": "admin.logentry", "pk": 12, "fields": {"action_time": "2021-05-05T21:35:57.683Z", "user": 1, "content_type": 9, "object_id": "9", "object_repr": "\u0413\u043e\u043d\u0437\u043e", "action_flag": 1, "change_message": "[{\"added\": {}}]"}}, {"model": "admin.logentry", "pk": 13, "fields": {"action_time": "2021-05-05T21:36:05.513Z", "user": 1, "content_type": 9, "object_id": "10", "object_repr": "\u0420\u043e\u043c\u0430\u043d", "action_flag": 1, "change_message": "[{\"added\": {}}]"}}, {"model": "admin.logentry", "pk": 14, "fields": {"action_time": "2021-05-05T21:36:14.574Z", "user": 1, "content_type": 9, "object_id": "11", "object_repr": "\u0411\u0430\u043b\u043b\u0430\u0434\u0430", "action_flag": 1, "change_message": "[{\"added\": {}}]"}}, {"model": "admin.logentry", "pk": 15, "fields": {"action_time": "2021-05-05T21:36:28.191Z", "user": 1, "content_type": 9, "object_id": "12", "object_repr": "Rock-n-roll", "action_flag": 1, "change_message": "[{\"added\": {}}]"}}, {"model": "admin.logentry", "pk": 16, "fields": {"action_time": "2021-05-05T21:36:43.312Z", "user": 1, "content_type": 9, "object_id": "13", "object_repr": "\u041a\u043b\u0430\u0441\u0441\u0438\u043a\u0430", "action_flag": 1, "change_message": "[{\"added\": {}}]"}}, {"model": "admin.logentry", "pk": 17, "fields": {"action_time": "2021-05-05T21:37:03.430Z", "user": 1, "content_type": 9, "object_id": "14", "object_repr": "\u0420\u043e\u043a", "action_flag": 1, "change_message": "[{\"added\": {}}]"}}, {"model": "admin.logentry", "pk": 18, "fields": {"action_time": "2021-05-05T21:37:16.049Z", "user": 1, "content_type": 9, "object_id": "15", "object_repr": "\u0428\u0430\u043d\u0441\u043e\u043d", "action_flag": 1, "change_message": "[{\"added\": {}}]"}}, {"model": "admin.logentry", "pk": 19, "fields": {"action_time": "2021-05-05T21:40:17.342Z", "user": 1, "content_type": 6, "object_id": "2", "object_repr": "bingobongo", "action_flag": 1, "change_message": "[{\"added\": {}}]"}}, {"model": "admin.logentry", "pk": 20, "fields": {"action_time": "2021-05-05T21:40:38.643Z", "user": 1, "content_type": 6, "object_id": "3", "object_repr": "capt_obvious", "action_flag": 1, "change_message": "[{\"added\": {}}]"}}, {"model": "admin.logentry", "pk": 21, "fields": {"action_time": "2021-05-05T21:40:57.570Z", "user": 1, "content_type": 6, "object_id": "4", "object_repr": "faust", "action_flag": 1, "change_message": "[{\"added\": {}}]"}}, {"model": "admin.logentry", "pk": 22, "fields": {"action_time": "2021-05-05T21:41:10.557Z", "user": 1, "content_type": 6, "object_id": "5", "object_repr": "reviewer", "action_flag": 1, "change_message": "[{\"added\": {}}]"}}, {"model": "admin.logentry", "pk": 23, "fields": {"action_time": "2021-05-05T21:42:04.968Z", "user": 1, "content_type": 6, "object_id": "6", "object_repr": "angry", "action_flag": 1, "change_message": "[{\"added\": {}}]"}}, {"model": "admin.logentry", "pk": 24, "fields": {"action_time": "2021-05-05T21:43:22.215Z", "user": 1, "content_type": 10, "object_id": "1", "object_repr": "\u041f\u043e\u0431\u0435\u0433 \u0438\u0437 \u0428\u043e\u0443\u0448\u0435\u043d\u043a\u0430", "action_flag": 1, "change_message": "[{\"added\": {}}]"}}, {"model": "admin.logentry", "pk": 25, "fields": {"action_time": "2021-05-05T21:43:50.237Z", "user": 1, "content_type": 10, "object_id": "2", "object_repr": "\u041a\u0440\u0435\u0441\u0442\u043d\u044b\u0439 \u043e\u0442\u0435\u0446", "action_flag": 1, "change_message": "[{\"added\": {}}]"}}, {"model": "admin.logentry", "pk": 26, "fields": {"action_time": "2021-05-05T21:44:16.606Z", "user": 1, "content_type": 10, "object_id": "3", "object_repr": "12 \u0440\u0430\u0437\u0433\u043d\u0435\u0432\u0430\u043d\u043d\u044b\u0445 \u043c\u0443\u0436\u0447\u0438\u043d", "action_flag": 1, "change_message": "[{\"added\": {}}]"}}, {"model": "admin.logentry", "pk": 27, "fields": {"action_time": "2021-05-05T21:44:42.646Z", "user": 1, "content_type": 10, "object_id": "4", "object_repr": "\u0421\u043f\u0438\u0441\u043e\u043a \u0428\u0438\u043d\u0434\u043b\u0435\u0440\u0430", "action_flag": 1, "change_message": "[{\"added\": {}}]"}}, {"model": "admin.logentry", "pk": 28, "fields": {"action_time": "2021-05-05T21:45:19.547Z", "user": 1, "content_type": 10, "object_id": "5", "object_repr": "\u041a\u0440\u0438\u043c\u0438\u043d\u0430\u043b\u044c\u043d\u043e\u0435 \u0447\u0442\u0438\u0432\u043e", "action_flag": 1, "change_message": "[{\"added\": {}}]"}}, {"model": "admin.logentry", "pk": 29, "fields": {"action_time": "2021-05-05T21:46:12.619Z", "user": 1, "content_type": 10, "object_id": "6", "object_repr": "\"\u0425\u043e\u0440\u043e\u0448\u0438\u0439, \u043f\u043b\u043e\u0445\u043e\u0439, \u0437\u043b\u043e\u0439\"", "action_flag": 1, "change_message": "[{\"added\": {}}]"}}, {"model": "admin.logentry", "pk": 30, "fields": {"action_time": "2021-05-05T21:47:10.422Z", "user": 1, "content_type": 10, "object_id": "5", "object_repr": "\u041a\u0440\u0438\u043c\u0438\u043d\u0430\u043b\u044c\u043d\u043e\u0435 \u0447\u0442\u0438\u0432\u043e", "action_flag": 2, "change_message": "[{\"changed\": {\"fields\": [\"\\u0416\\u0430\\u043d\\u0440\"]}}]"}}, {"model": "admin.logentry", "pk": 31, "fields": {"action_time": "2021-05-05T21:48:24.764Z", "user": 1, "content_type": 10, "object_id": "7", "object_repr": "\u0412\u043b\u0430\u0441\u0442\u0435\u043b\u0438\u043d \u043a\u043e\u043b\u0435\u0446: \u0411\u0440\u0430\u0442\u0441\u0442\u0432\u043e \u043a\u043e\u043b\u044c\u0446\u0430", "action_flag": 1, "change_message": "[{\"added\": {}}]"}}, {"model": "admin.logentry", "pk": 32, "fields": {"action_time": "2021-05-05T21:48:51.942Z", "user": 1, "content_type": 10, "object_id": "8", "object_repr": "\u0411\u043e\u0439\u0446\u043e\u0432\u0441\u043a\u0438\u0439 \u043a\u043b\u0443\u0431", "action_flag": 1, "change_message": "[{\"added\": {}}]"}}, {"model": "admin.logentry", "pk": 33, "fields": {"action_time": "2021-05-05T21:49:33.462Z", "user": 1, "content_type": 10, "object_id": "9", "object_repr": "\u041c\u0430\u0442\u0440\u0438\u0446\u0430", "action_flag": 1, "change_message": "[{\"added\": {}}]"}}, {"model": "admin.logentry", "pk": 34, "fields": {"action_time": "2021-05-05T21:50:11.716Z", "user": 1, "content_type": 10, "object_id": "10", "object_repr": "\u0412\u043e\u0439\u043d\u0430 \u0438 \u043c\u0438\u0440", "action_flag": 1, "change_message": "[{\"added\": {}}]"}}, {"model": "admin.logentry", "pk": 35, "fields": {"action_time": "2021-05-05T21:50:34.937Z", "user": 1, "content_type": 10, "object_id": "11", "object_repr": "Generation \u041f", "action_flag": 1, "change_message": "[{\"added\": {}}]"}}, {"model": "admin.logentry", "pk": 36, "fields": {"action_time": "2021-05-05T21:51:04.806Z", "user": 1, "content_type": 10, "object_id": "12", "object_repr": "Led Zeppelin \u2014 Stairway to Heaven", "action_flag": 1, "change_message": "[{\"added\": {}}]"}}, {"model": "admin.logentry", "pk": 37, "fields": {"action_time": "2021-05-05T21:51:33.333Z", "user": 1, "content_type": 10, "object_id": "13", "object_repr": "Deep Purple \u2014 Smoke on the Water", "action_flag": 1, "change_message": "[{\"added\": {}}]"}}, {"model": "admin.logentry", "pk": 38, "fields": {"action_time": "2021-05-05T21:52:07.836Z", "user": 1, "content_type": 10, "object_id": "14", "object_repr": "\u0421\u0442\u0430\u0441 \u041c\u0438\u0445\u0430\u0439\u043b\u043e\u0432 - \u041f\u043e\u0437\u044b\u0432\u043d\u044b\u0435 \u043d\u0430 \u043b\u044e\u0431\u043e\u0432\u044c", "action_flag": 1, "change_message": "[{\"added\": {}}]"}}, {"model": "admin.logentry", "pk": 39, "fields": {"action_time": "2021-05-05T21:56:14.988Z", "user": 1, "content_type": 11, "object_id": "1", "object_repr": "\u0421\u0442\u0430\u0432\u043b\u044e \u0434\u0435\u0441\u044f\u0442\u044c \u0437\u0432\u0451\u0437\u0434!\r\n...\u042d\u0442\u0438 \u0433\u043e\u043b\u043e\u0441\u0430 \u0431\u044b\u043b\u0438 \u0447\u0438\u0449\u0435 \u0438 \u0441\u0432\u0435\u0442\u043b\u0435\u0435 \u0442\u0435\u0445, \u043e \u043a\u043e\u0442\u043e\u0440\u044b\u0445 \u043c\u0435\u0447\u0442\u0430\u043b\u0438 \u0432 \u044d\u0442\u043e\u043c \u0441\u0435\u0440\u043e\u043c, \u0443\u0431\u043e\u0433\u043e\u043c \u043c\u0435\u0441\u0442\u0435. \u041a\u0430\u043a \u0431\u0443\u0434\u0442\u043e \u0434\u0432\u0435 \u043f\u0442\u0438\u0447\u043a\u0438 \u0432\u043b\u0435\u0442\u0435\u043b\u0438 \u0438 \u0441\u0432\u043e\u0438\u043c\u0438 \u0433\u043e\u043b\u043e\u0441\u0430\u043c\u0438 \u0440\u0430\u0437\u0432\u0435\u044f\u043b\u0438 \u0441\u0442\u0435\u043d\u044b \u043d\u0430\u0448\u0438\u0445 \u043a\u043b\u0435\u0442\u043e\u043a, \u0438 \u043d\u0430 \u043a\u043e\u0440\u043e\u0442\u043a\u0438\u0439 \u043c\u0438\u0433", "action_flag": 1, "change_message": "[{\"added\": {}}]"}}, {"model": "admin.logentry", "pk": 40, "fields": {"action_time": "2021-05-05T21:56:56.891Z", "user": 1, "content_type": 11, "object_id": "2", "object_repr": "\u041d\u0438\u0447\u0435\u0433\u043e \u043d\u0435 \u043f\u043e\u043d\u044f\u0442\u043d\u043e. \u041e\u043d\u0438 \u0442\u0430\u043c \u0447\u0442\u043e, \u0441\u0442\u0440\u0430\u043d\u0438\u0446\u044b \u0441\u0446\u0435\u043d\u0430\u0440\u0438\u044f \u043f\u0435\u0440\u0435\u043f\u0443\u0442\u0430\u043b\u0438? \u0415\u0433\u043e \u0441\u043f\u0435\u0440\u0432\u0430 \u0443\u0431\u0438\u043b\u0438, \u0430 \u043f\u043e\u0442\u043e\u043c \u043e\u043d \u043e\u043f\u044f\u0442\u044c \u0436\u0438\u0432, \u0430 \u043e\u043d\u0438 \u0441\u043f\u0435\u0440\u0432\u0430 \u0432 \u0444\u0443\u0442\u0431\u043e\u043b\u043a\u0430\u0445, \u043f\u043e\u0442\u043e\u043c \u0432 \u043a\u043e\u0441\u0442\u044e\u043c\u0430\u0445, \u0430 \u043f\u043e\u0442\u043e\u043c \u043e\u043f\u044f\u0442\u044c \u0432 \u0444\u0443\u0442\u0431\u043e\u043b\u043a\u0430\u0445. \u0415\u0440\u0443\u043d\u0434\u0430 \u043f\u043e\u043b\u043d\u0430\u044f", "action_flag": 1, "change_message": "[{\"added\": {}}]"}}, {"model": "admin.logentry", "pk": 41, "fields": {"action_time": "2021-05-05T21:58:35.829Z", "user": 1, "content_type": 11, "object_id": "3", "object_repr": "\u0412\u0441\u0451, \u043a\u0430\u043a \u0432 \u0440\u0430\u0437\u043d\u044b\u0445 \u044f\u0437\u044b\u043a\u0430\u0445 \u043f\u0440\u043e\u0433\u0440\u0430\u043c\u043c\u0438\u0440\u043e\u0432\u0430\u043d\u0438\u044f! \u0412 \u043e\u0441\u043d\u043e\u0432\u043d\u043e\u043c \u2014 \u043f\u043e\u0445\u043e\u0436\u0435, \u043d\u043e \u0432\u043e\u0442 \u044d\u0442\u0438 \u043c\u0430\u043b\u0435\u043d\u044c\u043a\u0438\u0435 \u0440\u0430\u0437\u043b\u0438\u0447\u0438\u044f \u0432\u044b\u0432\u043e\u0434\u044f\u0442 \u0438\u0437 \u0441\u0435\u0431\u044f. \r\n\u0412\u0435\u043b\u0438\u043a\u0438\u0439 \u0444\u0438\u043b\u044c\u043c \u043d\u0430 \u0432\u0441\u0435 \u0441\u043b\u0443\u0447\u0430\u0438 \u0436\u0438\u0437\u043d\u0438!\r\n===================================================", "action_flag": 1, "change_message": "[{\"added\": {}}]"}}, {"model": "admin.logentry", "pk": 42, "fields": {"action_time": "2021-05-05T21:58:57.455Z", "user": 1, "content_type": 12, "object_id": "1", "object_repr": "Comment object (1)", "action_flag": 1, "change_message": "[{\"added\": {}}]"}}, {"model": "admin.logentry", "pk": 43, "fields": {"action_time": "2021-05-05T21:59:57.027Z", "user": 1, "content_type": 12, "object_id": "2", "object_repr": "Comment object (2)", "action_flag": 1, "change_message": "[{\"added\": {}}]"}}, {"model": "admin.logentry", "pk": 44, "fields": {"action_time": "2021-05-05T22:00:39.575Z", "user": 1, "content_type": 12, "object_id": "3", "object_repr": "Comment object (3)", "action_flag": 1, "change_message": "[{\"added\": {}}]"}}, {"model": "admin.logentry", "pk": 45, "fields": {"action_time": "2021-05-05T22:02:33.810Z", "user": 1, "content_type": 10, "object_id": "15", "object_repr": "\u041a\u043e\u043b\u043e\u0431\u043e\u043a", "action_flag": 1, "change_message": "[{\"added\": {}}]"}}, {"model": "admin.logentry", "pk": 46, "fields": {"action_time": "2021-05-05T22:03:46.830Z", "user": 1, "content_type": 11, "object_id": "4", "object_repr": "\u0410 \u0432\u043e\u0442 \u0443 \u043a\u0438\u043f\u0447\u0430\u043a\u043e\u0432 \u00ab\u043a\u043e\u043b\u043e\u0431\u043e\u043a\u00bb \u2014 \u0448\u0430\u0440\u0438\u043a \u0438\u0437 \u043d\u0430\u0432\u043e\u0437\u0430! \u0418 \u0441\u043a\u0430\u0437\u043a\u0430 \u043f\u0440\u0438\u043e\u0431\u0440\u0435\u0442\u0430\u0435\u0442 \u0441\u043e\u0432\u0441\u0435\u043c \u0434\u0440\u0443\u0433\u043e\u0439 \u0441\u043c\u044b\u0441\u043b! \u00ab\u041d\u0435 \u0445\u0438\u0442\u0440\u0438, \u0430 \u0442\u043e \u043d\u0430\u0432\u043e\u0437\u0430 \u043d\u0430\u043a\u0443\u0448\u0430\u0435\u0448\u044c\u0441\u044f!\u00bb", "action_flag": 1, "change_message": "[{\"added\": {}}]"}}, {"model": "admin.logentry", "pk": 47, "fields": {"action_time": "2021-05-05T22:04:24.795Z", "user": 1, "content_type": 12, "object_id": "4", "object_repr": "Comment object (4)", "action_flag": 1, "change_message": "[{\"added\": {}}]"}}, {"model": "admin.logentry", "pk": 48, "fields": {"action_time": "2021-05-05T22:04:48.933Z", "user": 1, "content_type": 12, "object_id": "5", "object_repr": "Comment object (5)", "action_flag": 1, "change_message": "[{\"added\": {}}]"}}]